{
  "经理室": {
    "pose": {
      "position": {
        "x": 0.7234129905700684,
        "y": -19.521406173706055,
        "z": 0.0
      },
      "orientation": {
        "x": 0.0,
        "y": 0.0,
        "z": -0.01465866819676752,
        "w": 0.9998925559512367
      }
    }
  },
  "财务处": {
    "pose": {
      "position": {
        "x": -3.352997303009033,
        "y": -20.595783233642578,
        "z": 0.0
      },
      "orientation": {
        "x": 0.0,
        "y": 0.0,
        "z": -0.6960923899624771,
        "w": 0.7179522161232784
      }
    }
  },
  "等候处": {
    "pose": {
      "position": {
        "x": -9.018957138061523,
        "y": -20.48737335205078,
        "z": 0.0
      },
      "orientation": {
        "x": 0.0,
        "y": 0.0,
        "z": -0.8842058555876726,
        "w": 0.4670974255382617
      }
    }
  },
  "前台": {
    "pose": {
      "position": {
        "x": -10.979203224182129,
        "y": -16.93120002746582,
        "z": 0.0
      },
      "orientation": {
        "x": 0.0,
        "y": 0.0,
        "z": 0.7083596545028485,
        "w": 0.7058516840474386
      }
    }
  },
  "休息室": {
    "pose": {
      "position": {
        "x": -5.760888576507568,
        "y": -4.985156059265137,
        "z": 0.0
      },
      "orientation": {
        "x": 0.0,
        "y": 0.0,
        "z": 0.0009870039753736553,
        "w": 0.9999995129114577
      }
    }
  },
  "小办公区": {
    "pose": {
      "position": {
        "x": -6.7908034324646,
        "y": 7.634155750274658,
        "z": 0.0
      },
      "orientation": {
        "x": 0.0,
        "y": 0.0,
        "z": -0.999998231646026,
        "w": 0.001880612884459631
      }
    }
  },
  "大办公区": {
    "pose": {
      "position": {
        "x": -3.678215503692627,
        "y": 7.6719160079956055,
        "z": 0.0
      },
      "orientation": {
        "x": 0.0,
        "y": 0.0,
        "z": 0.00864396609606628,
        "w": 0.9999626402271887
      }
    }
  },
  "大会议室": {
    "pose": {
      "position": {
        "x": 1.7801513671875,
        "y": -8.649852752685547,
        "z": 0.0
      },
      "orientation": {
        "x": 0.0,
        "y": 0.0,
        "z": 0.0023330187157100724,
        "w": 0.9999972785081328
      }
    }
  },
  "小会议室": {
    "pose": {
      "position": {
        "x": 1.1165165901184082,
        "y": -11.299249649047852,
        "z": 0.0
      },
      "orientation": {
        "x": 0.0,
        "y": 0.0,
        "z": 0.03669462856751698,
        "w": 0.9993265253330825
      }
    }
  }
}
